{"cameraMode":{"drawMode":0,"name":"Shaded","section":"Shading Mode"},"sceneLighting":false,"audioPlay":false,"sceneViewState":{"m_AlwaysRefresh":true,"showFog":true,"showSkybox":false,"showFlares":true,"showImageEffects":true,"showParticleSystems":true,"showVisualEffectGraphs":true,"m_FxEnabled":true},"in2DMode":false,"pivot":{"x":293.9038391113281,"y":660.1926879882813,"z":-6.9805908203125},"rotation":{"x":0.0078087011352181438,"y":0.012309713289141655,"z":-0.00011430869926698506,"w":0.9998941421508789},"size":600.8330688476563,"orthographic":false}