{"cameraMode":{"drawMode":0,"name":"Shaded","section":"Shading Mode"},"sceneLighting":true,"audioPlay":false,"sceneViewState":{"m_AlwaysRefresh":true,"showFog":true,"showSkybox":true,"showFlares":true,"showImageEffects":true,"showParticleSystems":true,"showVisualEffectGraphs":true,"m_FxEnabled":true},"in2DMode":false,"pivot":{"x":0.26138490438461306,"y":12.435372352600098,"z":-1.769254207611084},"rotation":{"x":0.20876292884349824,"y":-0.005568106658756733,"z":0.0011686627985909582,"w":0.9779642820358276},"size":2.835489273071289,"orthographic":false}