{"cameraMode":{"drawMode":0,"name":"Shaded","section":"Shading Mode"},"sceneLighting":true,"audioPlay":false,"sceneViewState":{"m_AlwaysRefresh":true,"showFog":true,"showSkybox":true,"showFlares":true,"showImageEffects":true,"showParticleSystems":true,"showVisualEffectGraphs":true,"m_FxEnabled":true},"in2DMode":false,"pivot":{"x":0.10147909820079804,"y":12.925880432128907,"z":0.4071676731109619},"rotation":{"x":0.1027296856045723,"y":-0.7969796657562256,"z":0.14156311750411988,"w":0.5781673192977905},"size":3.4095025062561037,"orthographic":false}