{"cameraMode":{"drawMode":0,"name":"Shaded","section":"Shading Mode"},"sceneLighting":true,"audioPlay":false,"sceneViewState":{"m_AlwaysRefresh":true,"showFog":true,"showSkybox":true,"showFlares":true,"showImageEffects":true,"showParticleSystems":true,"showVisualEffectGraphs":true,"m_FxEnabled":true},"in2DMode":false,"pivot":{"x":84.72441101074219,"y":1181.2149658203125,"z":2.382598876953125},"rotation":{"x":0.07521790266036987,"y":-0.02511868067085743,"z":0.0018662391230463982,"w":0.9968747496604919},"size":44.214778900146487,"orthographic":false}